suite,query,wall_ratio,cpu_ratio,nitro_cpu_ms,trino_cpu_ms,alloc_ratio,nitro_alloc_mib,trino_alloc_mib,peak_ratio,nitro_peak_mib,trino_peak_mib
clickbench,q01,1.2359629234462524,0.2653061224489796,26.0,98.0,0.3170244121798211,71.204,224.601,219.0,0.219,0.001
clickbench,q02,0.7651225641268788,0.23318385650224216,52.0,223.0,0.14264859823153553,135.045,946.697,0.5092453773113443,1.019,2.001
clickbench,q03,0.9013126339796986,0.6263345195729537,528.0,843.0,0.07429229987329902,259.464,3492.475,0.105298233922026,0.632,6.002
clickbench,q04,1.0151327600482019,0.5101214574898786,252.0,494.0,0.07225781749801291,149.091,2063.32,0.02925,0.234,8.0
clickbench,q05,0.808812957527131,0.8114384748700173,2341.0,2885.0,0.3082400057959131,1995.4,6473.527,0.03148611111111111,9.068,288.0
clickbench,q06,0.8091000944922018,0.8312696054152221,5035.0,6057.0,0.6887034599673724,5659.066,8216.985,0.6176103341506727,231.98,375.609
clickbench,q07,1.055737818743599,0.8859857482185273,373.0,421.0,0.23236672315170606,146.039,628.485,0.03182802866188968,0.191,6.001
clickbench,q08,0.9441353590315776,0.1896551724137931,44.0,232.0,0.14360656554800644,138.297,963.027,143.66666666666666,0.862,0.006
clickbench,q09,0.512195670317317,0.6864796986186689,3280.0,4778.0,0.6930883587196571,4726.051,6818.829,0.5412575340646694,146.736,271.102
clickbench,q10,0.6056648694278953,0.7126582278481013,5630.0,7900.0,0.9507642887280331,21619.104,22738.658,0.6706256763945191,292.484,436.136
clickbench,q11,1.0566611912380481,0.7981366459627329,771.0,966.0,0.29313608804542013,973.349,3320.468,0.3838120104438642,1.323,3.447
clickbench,q12,1.1880229126887691,0.8760757314974182,1018.0,1162.0,0.26890870838794523,1136.416,4226.029,2.5772394881170015,5.639,2.188
clickbench,q13,0.7734423157121709,0.7863522686673812,4402.0,5598.0,0.5861493999985676,5893.132,10053.976,0.6664244578532116,271.476,407.362
clickbench,q14,0.8009162556674663,0.841897233201581,6390.0,7590.0,0.6388428721579178,8709.939,13633.93,1.5854197221059838,1185.867,747.983
clickbench,q15,0.7791025428003887,0.8006568144499179,4876.0,6090.0,nan,nan,nan,1.4668888030825475,543.252,370.343
clickbench,q16,1.017514624419358,0.9010111761575306,3386.0,3758.0,0.38573496431569304,3303.592,8564.409,1.2380275182451341,653.785,528.086
clickbench,q17,0.6754437557972848,0.7695060844667144,10750.0,13970.0,0.564433055436004,10355.283,18346.344,0.9953790269852714,1216.39,1222.037
clickbench,q18,0.6798204827558323,0.7729537366548043,10860.0,14050.0,0.6085724185078084,11227.258,18448.516,1.1132267261683402,1347.06,1210.05
clickbench,q19,0.7739298129940617,0.929465776293823,22270.0,23960.0,nan,nan,nan,0.8898255882749784,2895.157,3253.623
clickbench,q20,0.6394976867151355,0.27906976744186046,132.0,473.0,0.04680890937575517,85.422,1824.909,0.0,0.0,1.0
clickbench,q21,0.46395813501641836,0.46483889671167067,5612.0,12073.0,0.15231141356306288,3830.744,25150.735,1.18295,94.636,80.0
clickbench,q22,0.6929432630266493,0.6574818216609262,6872.0,10452.0,0.20455156004956557,5802.078,28364.868,1.4617609816860375,141.994,97.139
clickbench,q23,0.5218721801561458,0.5337314983121267,10277.0,19255.0,0.054870203251110326,2914.503,53116.315,1.305822170968982,220.808,169.095
clickbench,q24,0.8901780230650104,0.593491124260355,20060.0,33800.0,nan,nan,nan,0.7981700700886617,571.564,716.093
clickbench,q25,0.7451532750512907,0.7578947368421053,2160.0,2850.0,0.24882855947271565,1599.572,6428.41,0.05851237866724833,1.073,18.338
clickbench,q26,0.8332188077321677,0.7113207547169811,1508.0,2120.0,0.16757402702268256,672.4,4012.555,29826.0,29.826,0.001
clickbench,q27,0.8208523130303989,0.7552447552447552,2160.0,2860.0,0.24934646155837414,1602.82,6428.084,1546.0,1.546,0.001
clickbench,q28,0.6742454745000431,0.7020519066804085,7493.0,10673.0,0.05368549858703482,1473.386,27444.767,0.40677433709394545,31.08,76.406
clickbench,q29,0.3129257576973636,0.32948670605613,17845.0,54160.0,0.07983489674469771,11434.859,143231.337,0.7415427338657853,904.694,1220.016
clickbench,q30,0.03841868519612216,0.012074230678881841,257.0,21285.0,0.0033247180299238116,234.011,70385.217,0.018874907475943746,0.153,8.106
clickbench,q31,0.7229960003712516,0.7332589285714286,3942.0,5376.0,nan,nan,nan,0.5394801373222168,102.3,189.627
clickbench,q32,0.7413376373783952,0.7646098003629764,4213.0,5510.0,0.5774239019618097,7563.898,13099.385,1.2292856102051901,464.0,377.455
clickbench,q33,0.6221630839998237,0.6208277703604806,13950.0,22470.0,1.0857780251554336,29315.631,26999.654,0.9064848642528133,4205.409,4639.249
clickbench,q34,0.6310409943419144,0.7628472222222222,21970.0,28800.0,0.495554302927534,33744.799,68095.058,1.0432940012706478,3788.429,3631.219
clickbench,q35,0.6282150347417274,0.7353732347007398,21870.0,29740.0,0.4894752943165054,33886.613,69230.487,1.0315067839511036,3718.256,3604.684
clickbench,q36,0.5532028986930918,0.6079207920792079,4298.0,7070.0,0.5205609362485849,4339.169,8335.564,0.8797036963997388,285.492,324.532
clickbench,q37,0.7632298536271512,0.6119402985074627,205.0,335.0,0.5687153211441207,666.639,1172.184,0.45300320953690965,0.988,2.181
clickbench,q38,0.9587533175733493,0.5658536585365853,116.0,205.0,0.5698327935589672,414.885,728.082,0.4786324786324787,1.064,2.223
clickbench,q39,1.1201630274760186,0.6375,102.0,160.0,0.6251660592022344,330.354,528.426,0.9201557935735151,1.89,2.054
clickbench,q40,1.0054312484067818,0.9406392694063926,412.0,438.0,0.6947908489185421,1257.643,1810.103,0.9400603708495042,2.18,2.319
clickbench,q41,1.6503666746814138,0.44047619047619047,37.0,84.0,0.3201709106659589,98.312,307.061,0.015119330251155815,0.121,8.003
clickbench,q42,1.3086380554232595,0.64,80.0,125.0,0.3394033268683173,101.672,299.561,0.10212765957446808,0.12,1.175
clickbench,q43,1.4641913284663894,0.53125,51.0,96.0,0.3281589614051577,89.38,272.368,0.014756517461878997,0.03,2.033
tpcds,q01,0.9029732326459987,0.6881188118811881,278.0,404.0,0.48634765883815506,634.94,1305.527,2.265711280567973,34.466,15.212
tpcds,q02,0.8010728260667989,0.5726795096322241,327.0,571.0,0.15861631566780668,347.88,2193.217,0.207654619496055,6.527,31.432
tpcds,q03,0.2216777023854171,0.08163265306122448,108.0,1323.0,0.027100350894925452,135.133,4986.393,0.010635540031654204,1.559,146.584
tpcds,q04,0.6745950340002466,0.6034240808307606,6450.0,10689.0,0.3667479401488282,11552.193,31498.999,0.9167476682910337,845.994,922.821
tpcds,q05,0.3454868830591374,0.15407118478790835,316.0,2051.0,0.06747111623322531,570.282,8452.239,0.13774860955108606,40.593,294.689
tpcds,q06,0.9311411860718173,0.36754176610978523,308.0,838.0,0.2586397678243692,697.71,2697.613,1.0122466935346541,71.331,70.468
tpcds,q07,0.45337489052340474,0.408432976714915,649.0,1589.0,0.12079054044375688,708.351,5864.292,4.998298206571541,38.182,7.639
tpcds,q08,0.8271227390025324,0.4116883116883117,317.0,770.0,0.199404840661363,580.23,2909.809,0.9129150008691117,10.504,11.506
tpcds,q09,0.5410787966333193,0.4635612321562735,2468.0,5324.0,0.02702945065823115,341.205,12623.453,0.0004641530991145387,0.013,28.008
tpcds,q10,0.7452587270260269,0.47692307692307695,403.0,845.0,0.2197347501711264,701.412,3192.085,1.4549573655856434,40.781,28.029
tpcds,q11,0.7107482932041791,0.6088138225587265,3136.0,5151.0,0.3130699898455122,3652.205,11665.778,0.49770701585759025,140.327,281.947
tpcds,q12,0.6890555128957948,0.4095238095238095,86.0,210.0,0.26993717213908675,280.086,1037.597,1.0,2.233,2.233
tpcds,q13,0.5033809694347281,0.30786860198624905,806.0,2618.0,0.09971261424957323,865.572,8680.667,0.1490080495356037,30.081,201.875
tpcds,q14a,0.7795425072803162,0.6269154908208162,8264.0,13182.0,0.32201048437442337,10584.872,32871.203,2.9152463935429616,585.845,200.959
tpcds,q14b,0.7599860075409823,0.604426433915212,5817.0,9624.0,0.2590916405253233,6532.213,25211.979,0.9979200629602563,195.272,195.679
tpcds,q15,0.8869079996248711,0.7939698492462312,158.0,199.0,0.816320074684468,580.615,711.259,0.6315386653321952,21.454,33.971
tpcds,q16,0.44540971920265743,0.16353514265831592,235.0,1437.0,0.07361891860205734,303.295,4119.797,0.08450221565731167,7.151,84.625
tpcds,q17,0.6519931145194668,0.43682539682539684,688.0,1575.0,0.2562082483265738,1677.905,6548.989,13.927243653807714,69.678,5.003
tpcds,q18,0.7786752687676972,0.4583333333333333,528.0,1152.0,0.2691033424094766,1073.214,3988.111,2.8204329288291246,34.398,12.196
tpcds,q19,0.4180743185646383,0.26220095693779905,274.0,1045.0,0.0941657444306942,414.55,4402.344,7.192882929345022,27.894,3.878
tpcds,q20,0.8169591894977168,0.8961038961038961,69.0,77.0,0.859169713848378,323.309,376.304,1.7546164772727273,4.941,2.816
tpcds,q21,0.2231462599433714,0.18479087452471482,243.0,1315.0,0.04456638721786262,219.428,4923.621,1.3304007820136854,8.166,6.138
tpcds,q22,1.0260087988882927,0.9064691656590085,14993.0,16540.0,nan,nan,nan,0.9057796254102766,203.939,225.153
tpcds,q23a,0.8591771105267844,0.8956139913177985,17949.0,20041.0,0.6398719944168173,23383.502,36544.031,0.8393114197848216,1436.646,1711.696
tpcds,q23b,0.8989149516082346,0.8984111221449851,18094.0,20140.0,0.6418913905318449,23538.493,36670.523,0.8920658795129349,1531.364,1716.649
tpcds,q24a,0.5442536002737991,0.37120079720976584,745.0,2007.0,0.06695151680563285,454.554,6789.301,1.7563451776649743,5.536,3.152
tpcds,q24b,0.4905027685581961,0.34477892756349954,733.0,2126.0,0.06440536280766265,455.953,7079.426,1.4909437559580554,4.692,3.147
tpcds,q25,0.4612005616697615,0.30507529280535417,547.0,1793.0,0.1774801477073196,1281.062,7218.058,2.150193076349841,31.739,14.761
tpcds,q26,0.6327633614979573,0.39746543778801846,345.0,868.0,0.2112198808928291,636.317,3012.581,2.625150976909414,36.949,14.075
tpcds,q27,0.4938683508407341,0.4167717528373266,661.0,1586.0,0.12217102564773848,699.985,5729.55,1.8692686357243318,26.581,14.22
tpcds,q28,0.41770189704510335,0.4098662978331028,1778.0,4338.0,0.0877301049087281,1241.792,14154.685,0.04019815059445178,3.043,75.7
tpcds,q29,0.5666511898708056,0.38136511375947996,704.0,1846.0,0.24745494040172128,1799.913,7273.7,4.1919566457501425,44.091,10.518
tpcds,q30,1.2338892961876833,0.7379032258064516,183.0,248.0,0.4129585041990762,357.091,864.714,3.0830533530439457,22.941,7.441
tpcds,q31,0.39461811360409216,0.2094283392034679,773.0,3691.0,0.10505025203543564,962.075,9158.236,0.3635429401654884,61.554,169.317
tpcds,q32,0.5821804666529011,0.3525641025641026,55.0,156.0,0.4994888248679258,402.581,805.986,1.3584490122797652,40.71,29.968
tpcds,q33,0.608077473998879,0.3952569169960474,500.0,1265.0,0.25594675091639507,1199.303,4685.752,0.481690755385874,44.159,91.675
tpcds,q34,0.4267557721173356,0.3440959409594096,373.0,1084.0,0.10841262226660689,414.694,3825.145,4.201846965699208,9.555,2.274
tpcds,q35,0.7462132218545839,0.4537037037037037,588.0,1296.0,0.27014574919003365,1146.833,4245.238,1.1058951018638925,25.513,23.07
tpcds,q36,0.5454743619309979,0.4689301729660474,732.0,1561.0,0.07376970375049591,321.497,4358.117,0.8217696629213483,23.404,28.48
tpcds,q37,0.4048872410498123,0.3082191780821918,585.0,1898.0,0.03431301148177502,182.569,5320.693,0.344053144053144,18.904,54.945
tpcds,q38,0.7771208475582779,0.5938095238095238,1247.0,2100.0,0.3714126683563188,1435.985,3866.279,0.1978559455605314,15.817,79.942
tpcds,q39a,0.15411537942742323,0.05815768930523029,1043.0,17934.0,0.054414759842692804,3021.877,55534.142,0.024414353190939677,8.694,356.102
tpcds,q39b,0.15722284529250505,0.05736883145817088,1030.0,17954.0,0.05983058460099867,2972.441,49680.962,0.024622687197845303,8.694,353.089
tpcds,q40,0.3400490956708784,0.06534090909090909,69.0,1056.0,0.08703089855673361,240.132,2759.158,0.09160136628491058,9.118,99.54
tpcds,q41,0.395559339795651,0.13793103448275862,8.0,58.0,1.02207290748229,67.234,65.782,0.04095904095904097,0.041,1.001
tpcds,q42,0.1307989097155615,0.08159509202453988,133.0,1630.0,0.015033844692484878,89.391,5945.984,0.03652596243125491,5.114,140.01
tpcds,q43,0.332634755637522,0.2543402777777778,293.0,1152.0,0.04774469777616603,102.034,2137.075,0.10576763829082478,5.109,48.304
tpcds,q44,0.5105604321068938,0.26573741007194246,591.0,2224.0,0.08334338415883898,644.718,7735.683,0.16527964205816553,9.235,55.875
tpcds,q45,0.7398259029481075,0.4723127035830619,145.0,307.0,0.34631148212874646,422.482,1219.948,1.063877142221233,52.58,49.423
tpcds,q46,0.5777637055898087,0.38987764182424917,701.0,1798.0,0.13238713579327077,811.665,6130.996,0.8231519248472956,122.499,148.817
tpcds,q47,0.749610862923942,0.709863867974751,9334.0,13149.0,0.4313842835149091,10418.081,24150.349,0.3337101807046864,183.305,549.294
tpcds,q48,0.4013865450738907,0.338255033557047,756.0,2235.0,0.08660635919688418,583.757,6740.348,0.16969872724343482,26.333,155.175
tpcds,q49,0.6729929638579955,0.5704831237590999,862.0,1511.0,0.33800316423190335,2158.618,6386.384,1.968088708312172,23.251,11.814
tpcds,q50,0.4689811268708732,0.3888888888888889,504.0,1296.0,0.18903439168786254,879.805,4654.206,0.8415882112157184,2.056,2.443
tpcds,q51,0.5216424704933824,0.5020846493998736,3974.0,7915.0,0.8238349627163183,10328.297,12536.852,0.9324367871465027,572.919,614.432
tpcds,q52,0.17821622875616452,0.0869281045751634,133.0,1530.0,0.01965509093458581,106.39,5412.847,0.029510201666195435,4.488,152.083
tpcds,q53,0.3750123652191117,0.2592964824120603,258.0,995.0,0.0682592411140852,227.243,3329.117,0.9076222038111018,2.191,2.414
tpcds,q54,0.45442673482533363,0.30346820809248554,315.0,1038.0,0.10140431945103108,420.595,4147.703,0.04452290733723734,2.068,46.448
tpcds,q55,0.3492773759079155,0.21458625525946703,153.0,713.0,0.10333703515273739,269.94,2612.229,8.754122938530735,17.517,2.001
tpcds,q56,0.6795383216496055,0.4340425531914894,510.0,1175.0,0.3122974696781105,1293.142,4140.738,0.6371164502522538,61.627,96.728
tpcds,q57,0.8632503904959299,0.6959866220735786,4162.0,5980.0,0.42239112313840044,5709.321,13516.669,0.45728958784413737,118.695,259.562
tpcds,q58,0.669292413905322,0.3674698795180723,366.0,996.0,0.2753182622044708,1142.062,4148.152,1.4367569555092534,23.445,16.318
tpcds,q59,0.9118093014163976,0.7172599059771659,2136.0,2978.0,0.408512134093287,2327.801,5698.242,0.7484951633685263,38.921,51.999
tpcds,q60,0.5675045364694732,0.5621848739495798,669.0,1190.0,0.3942786027891839,1761.485,4467.615,0.6218117256701561,64.092,103.073
tpcds,q61,0.45847362514029183,0.2575366063738157,598.0,2322.0,0.14650063228074173,1162.68,7936.348,0.29478367239948156,40.485,137.338
tpcds,q62,0.7704617729384352,0.542528735632184,236.0,435.0,0.22380128299687346,248.816,1111.772,5.043564356435644,10.188,2.02
tpcds,q63,0.38458574543267426,0.2517694641051567,249.0,989.0,0.05513184499490036,184.867,3353.18,0.5130906768837803,1.607,3.132
tpcds,q64,0.7322766412652333,0.3578884223155369,2983.0,8335.0,0.360154934846782,9557.371,26536.832,0.3961777385802361,474.365,1197.354
tpcds,q65,1.0354018647720242,0.6652641421224872,2846.0,4278.0,0.6933798731725365,7256.825,10465.872,0.7372967679602694,168.65,228.741
tpcds,q66,0.6634114170482074,0.3008595988538682,315.0,1047.0,0.24335460813574347,934.498,3840.067,0.1358876832871069,15.041,110.687
tpcds,q67,0.891487598683248,0.8368826461259629,18470.0,22070.0,nan,nan,nan,1.5958731325443067,1341.783,840.783
tpcds,q68,0.3777570588012952,0.2832709780865847,530.0,1871.0,0.07550613687457554,491.735,6512.517,0.36873387125024815,31.578,85.639
tpcds,q69,0.9081090923805285,0.5108323831242874,448.0,877.0,0.32697637925791395,1013.941,3100.961,1.597883597883598,42.884,26.838
tpcds,q70,0.5478135639591439,0.516728624535316,1251.0,2421.0,0.19147018670778665,1146.835,5989.627,1.120511140235911,34.198,30.52
tpcds,q71,0.5323137291981845,0.25918944392082943,275.0,1061.0,0.1663641663249973,654.09,3931.676,2.600917652740884,53.852,20.705
tpcds,q73,0.5630373445209323,0.3103103103103103,310.0,999.0,0.08571307934093585,339.011,3955.184,9.371761658031089,21.705,2.316
tpcds,q74,0.7267545348136554,0.62097942625326,2143.0,3451.0,0.32272818848392637,2678.369,8299.148,0.452585897576323,119.828,264.763
tpcds,q75,0.498024200030334,0.4001708306641042,1874.0,4683.0,0.22808539703941888,3521.579,15439.739,0.23410752034486093,84.72,361.885
tpcds,q76,0.8730994929708092,0.5662563359884142,782.0,1381.0,0.3007011391039037,1384.023,4602.653,0.22415628111374325,19.587,87.381
tpcds,q77,0.5206114421789662,0.22804532577903683,322.0,1412.0,0.18939765220937957,985.843,5205.149,4.338587709021195,40.735,9.389
tpcds,q78,0.8139198736134754,0.637588446253756,6578.0,10317.0,0.6071346043521497,18181.605,29946.58,1.1026826302810013,1121.866,1017.397
tpcds,q79,0.4794705517883195,0.39789964994165694,682.0,1714.0,0.15671554613292332,992.735,6334.63,2.3607272727272726,61.674,26.125
tpcds,q80,0.25394472697720594,0.13853971650173844,518.0,3739.0,0.13787569520238874,1552.782,11262.188,0.12138622466399726,78.214,644.34
tpcds,q81,0.8495381566374499,0.7212643678160919,251.0,348.0,0.4916991709804889,462.388,940.388,0.6377923402919478,32.507,50.968
tpcds,q82,0.3861189827484724,0.30655640874187834,519.0,1693.0,nan,nan,nan,0.3423144476433629,18.905,55.227
tpcds,q83,0.9132593030946496,0.8636363636363636,133.0,154.0,0.5737985319615418,490.452,854.746,2.1619897959183674,6.78,3.136
tpcds,q84,0.933051720316554,0.8618421052631579,131.0,152.0,0.20460404904320553,119.517,584.138,0.7978373295721675,1.697,2.127
tpcds,q85,0.6755652400206636,0.40865384615384615,255.0,624.0,0.2942977043684485,890.496,3025.834,0.9795198746260151,27.501,28.076
tpcds,q86,0.8316272930528245,0.8055555555555556,348.0,432.0,0.20294308948685214,176.913,871.737,3.1806182702327197,18.314,5.758
tpcds,q87,0.8290452081415568,0.6223776223776224,1246.0,2002.0,0.3740108377884186,1459.216,3901.534,0.19637108888793509,18.301,93.196
tpcds,q88,0.33010651685303627,0.20588235294117646,1008.0,4896.0,0.042860886824854214,793.836,18521.222,0.3346537855208375,16.558,49.478
tpcds,q89,0.2821759469416425,0.19649495485926713,370.0,1883.0,0.05775123378205523,419.297,7260.399,0.056746293446667144,9.293,163.764
tpcds,q90,0.5107182345375364,0.14138817480719795,55.0,389.0,0.11584885901984496,167.933,1449.587,0.40972853617352906,6.309,15.398
tpcds,q91,0.7988586973040332,0.8703703703703703,94.0,108.0,0.438391163424416,216.542,493.947,1.4105442176870748,4.147,2.94
tpcds,q92,0.4510359273257138,0.19287833827893175,65.0,337.0,0.16149317732311733,242.914,1504.175,1.400453172205438,37.084,26.48
tpcds,q93,0.7901865311425824,0.9490927419354839,1883.0,1984.0,0.5903856757898448,2746.3,4651.705,0.20040941658137154,6.853,34.195
tpcds,q94,0.3784151148565991,0.13642960812772134,94.0,689.0,0.07791269650166832,183.465,2354.751,0.10889345465218667,4.452,40.884
tpcds,q95,0.3058509508623428,0.10180275715800637,192.0,1886.0,0.06368701063196425,415.159,6518.739,0.02838192194971464,21.16,745.545
tpcds,q96,0.2855803487717982,0.1786743515850144,124.0,694.0,0.029090937915936133,80.738,2775.366,0.6857646540326134,1.556,2.269
tpcds,q97,0.8175636672208464,0.5830324909747292,1615.0,2770.0,0.479780788092463,2909.87,6064.999,1.4191412839364717,89.176,62.838
tpcds,q98,0.5641509912285149,0.39841089670828606,351.0,881.0,0.3213776024982448,1005.255,3127.956,0.47501014930759167,21.061,44.338
tpcds,q99,0.673600175962168,0.41513292433537835,406.0,978.0,0.15767430892226136,348.356,2209.339,4.895445544554456,12.361,2.525
tpch,q01,0.9886845673042285,0.9966826391448581,2704.0,2713.0,0.27589110296601266,2088.55,7570.197,0.5128388017118403,7.19,14.02
tpch,q02,0.847575135211698,0.5381026438569206,346.0,643.0,0.2561790544326206,532.679,2079.323,0.2694501436192039,13.133,48.74
tpch,q03,0.6784703222374222,0.5526315789473685,1680.0,3040.0,0.17832076577398678,1445.076,8103.801,0.044692172451884934,11.49,257.092
tpch,q04,0.8723508250566981,0.8523280055594162,2453.0,2878.0,0.2558147241008108,1729.295,6759.951,0.5378502064018408,127.165,236.432
tpch,q05,0.7458670333853888,0.7449757449757449,2150.0,2886.0,0.4409173153292821,3454.969,7835.866,0.9293876586019386,11.793,12.689
tpch,q06,0.7842766818959357,0.6776859504132231,738.0,1089.0,0.06007899233704209,197.063,3280.065,nan,0.0,0.0
tpch,q07,0.6376910618891459,0.6093928980526919,1596.0,2619.0,0.10494756247200387,772.924,7364.859,0.03665965703384135,5.073,138.381
tpch,q08,0.8032894453916274,0.8760563380281691,2488.0,2840.0,0.13056267879590738,1183.297,9063.057,1.2718495701347063,27.664,21.751
tpch,q09,0.7074748845817139,0.7382598674733506,5125.0,6942.0,0.4213599028403882,6376.455,15133.037,1.1512014166494704,1199.431,1041.895
tpch,q10,0.8162037021696318,0.8112136266855926,2286.0,2818.0,0.33710049598143027,2777.581,8239.623,0.399054656813794,29.971,75.105
tpch,q11,0.6712066003080934,0.452991452991453,212.0,468.0,0.15085132216206545,246.25,1632.402,0.584920634920635,0.737,1.26
tpch,q12,0.9840217615813001,0.7777777777777778,910.0,1170.0,0.15201639939216674,557.513,3667.453,1.1387147335423198,4.359,3.828
tpch,q13,0.4433272673139563,0.6351351351351351,2961.0,4662.0,0.5174490611631976,3110.911,6012.014,0.1974733752742383,54.366,275.308
tpch,q14,0.7093373214923832,0.6995835812016656,1176.0,1681.0,0.07760984544751517,321.045,4136.653,0.17956356594920683,2.411,13.427
tpch,q15,0.48539129795948355,0.5044742729306487,1353.0,2682.0,0.09360237824551994,712.753,7614.689,0.17164759471169871,3.09,18.002
tpch,q16,0.8871596717735208,0.9204052098408104,636.0,691.0,0.5262632753744286,940.954,1787.991,0.46669934869388613,6.664,14.279
tpch,q17,0.3119192238618848,0.4385753093872623,2906.0,6626.0,0.029549345354338702,370.878,12551.141,0.003943124048411654,1.528,387.51
tpch,q18,0.7367766019228612,0.8715872717002447,4629.0,5311.0,0.5018875699936505,7974.731,15889.477,1.011308343898676,860.677,851.053
tpch,q19,0.5295751830588883,0.5028571428571429,1232.0,2450.0,0.15680842011055154,855.023,5452.66,0.20190589636688505,6.102,30.222
tpch,q20,0.4568032857153991,0.3597733711048159,889.0,2471.0,0.08557831220170108,530.581,6199.947,0.0074557825253633225,1.91,256.177
tpch,q21,0.8779645517844336,0.7907417433676232,5842.0,7388.0,0.5115646688192265,10625.832,20771.239,0.5066711765789457,319.063,629.724
tpch,q22,0.8950709498741304,0.6894254787676936,828.0,1201.0,0.5792624484216212,1655.97,2858.756,0.11842105263157895,3.672,31.008
